step,train_loss,refusal_rate,alpaca_val_loss,alpha
100,5.0361406460567375,0.8,1.3642359879839578,0.05
200,5.023839666955173,0.9,1.3539452664499485,0.05
